source,category,matched,snippet,domain,chatbot_brand,chatbot_level,outreach_angle,score,company_type,signals,summary,confidence,emails,phones,chatbot_evidence,already_using_chatbot,status,reason,last_attempt_utc
keyword,saas,['platform'],"STEN E-COMMERCE MANAGER Een tijdelijke e-commerce manager teamversterker en klankbord. E-COMMERCE SPECIALIST Strategie, platform selectie en online marketing optimalisatie. PRODUCT OWNER Agile projectleiding, roadmap & stakeholder management. ABOUT BLOG CONTACT QUICK SCAN Ambitieuze bedrijven en merken helpen met digitaal groeien. Ik ben",http://www.wearebloom.nl,none,none,Introduce AI chatbot to reduce support workload,6,,,,,,,,,,,
keyword,saas,"['api', 'platform']","i, wysyłki, ERP i magazyn. Optymalizujemy pod kątem SEO, konwersji i wartości koszyka, zapewniając wsparcie na każdym etapie. eksploruj E-mail marketing Planujemy i tworzymy skuteczne mailingi – od regularnych newsletterów po kampanie promocyjne, z naciskiem na dopasowaną komunikację, zwiększanie sprzedaży i wzmacnianie wizerunku. eksplor",http://www.adtrip.pl,none,none,Introduce AI chatbot to reduce support workload,7,,,,,,,,,,,
keyword,saas,"['api', 'subscription']",elopment of the subscription-based payment model. A combination of regulatory and competitive forces is leading to the rapid dissolution of trading as the primary means of payment for research service. MoffettNathanson’s subscription-based payment model allows the firm’s clients to manage their research budgets more effectively by paying,http://www.moffettnathanson.com,none,none,Introduce AI chatbot to reduce support workload,7,,,,,,,,,,,
keyword,saas,['api'],"2025 Dalle prese di Tipo 2 alle colonnine Fast e Ultra Fast: una guida completa alla ricarica dell’auto elettrica, per capire quali connettori e quali colonnine scegliere in base alle esigenze, con esempi pratici sui modelli elettrici Renault Leggi di più Mondo Renault Renault 4 E-Tech Electric: Design carismatico per un crossover versati",http://www.giovanzana.eu,none,none,Introduce AI chatbot to reduce support workload,6,,,,,,,,,,,
keyword,services,"['has_book_call', 'has_pricing']",Profit Pulse Media Case Studies Reviews Pricing Newsletter AI Powered Creatives Get Your Free Profit Pulse Report! AI Powered Creatives Why Us Reviews Offers Pricing Case Studies Book A Call Before your Competitor does AI Powered Creatives Why Us Reviews Offer,http://www.felixmedia.ai,none,none,Introduce AI chatbot to reduce support workload,10,services,"['has_book_call', 'has_pricing']",keyword match: services,0.85,,,,,,,
keyword,saas,['platform'],"e as involved the processes as you want to be. 3 DELIVERY We deliver your content ready for use on whatever your chosen platform. TRUSTED BY LEADING BRANDS LET'S DISCUSS YOUR MARKETING NEEDS Studio Shoots As part of our retainer model you get access to world class studios, sets and equipment to meet any need your brand might have. Locatio",http://www.3318-creative.com,none,none,Introduce AI chatbot to reduce support workload,6,,,,,,,,,,,
keyword,saas,['platform'],"EuroStocks - The e-commerce automotive platform Eurostocks is the e-commerce platform to find vehicles, car parts, accessories, tyres & rims. Locally and abroad ! Agricultural parts Antique and Art Audio, Tv en Foto Bicycles, Mopeds and Scooters Business Good",http://www.eurostocks.com,none,none,Introduce AI chatbot to reduce support workload,6,,,,,,,,,,,
keyword,saas,['platform'],"tent requirement patterns Or: provide your own content data Uploading of product data to the system and handing over to platform Provide stock: depending on your selected logistics option Dropshipping solution Store in ZFS or FbAY warehouse Store in LODZ, Poland Products go online Reach millions of potential customers Increase your brand",http://www.leo.mt,none,none,Introduce AI chatbot to reduce support workload,6,,,,,,,,,,,
keyword,hiring,['careers'],Membership Velashape Membership Specials & Rewards Wellness For Moms Care Sheets Additional Resources Financing Contact Careers Press Not sure where to start? Try the virtual consultation tool. Press Charity Dream Spa Medical hosts Charity Event Dream Spa Medical and The Women’s Foundation of Boston The Boston House x Dream Spa Medical Ap,http://www.dreamspamedical.com,none,none,Introduce AI chatbot to reduce support workload,5,,,,,,,,,,,
keyword,saas,"['cloud', 'subscription']","mazonGlobal Ship Orders Internationally Home Services Experienced Pros Happiness Guarantee Amazon Web Services Scalable Cloud Computing Services Audible Listen to Books & Original Audio Performances Box Office Mojo Find Movie Box Office Data Goodreads Book reviews & recommendations IMDb Movies, TV & Celebrities IMDbPro Get Info Entertainm",http://www.bungalowflooring.com,none,none,Introduce AI chatbot to reduce support workload,7,,,,,,,,,,,
keyword,hiring,['careers'],nder Eric Salmon & Partners ESE Executive Search Excellence etec Consult ewi recruitment Exec Avenue Deutschland expert careers Executive Search (F) Fabry Executive Consultants faktor s FashionKarriere GmbH FERCHAU DIRECT FIEGE – Personalberatung Vertrieb FMT International Executive Search Freund HRC Executive Search (G) Gallmond GmbH Gat,http://www.headhunterindeutschland.de,none,none,Introduce AI chatbot to reduce support workload,5,,,,,,,,,,,
keyword,hiring,['careers'],ipment Credit Cards Personal Credit Card Business Credit Card Resources Check Reorder Education Identity Theft Recovery Careers Personal Personal BUSINESS BUSINESS FDIC-Insured - Backed by the full faith and credit of the U.S. Government Ireland Bank Personal Personal BUSINESS BUSINESS Personal Checking Accounts Elite Checking Basic Class,http://www.ireland-bank.bank,none,none,Introduce AI chatbot to reduce support workload,5,,,,,,,,,,,
keyword,agency,['is_agency'],"4 Event for Tech Sector from Silicon Valley, 18.9.2024 Read more All news About us Prague Castle Events is DMC, event & marketing agency with event professionals specialized in top-class events in the area of the Prague Castle. This historical area can offer a wide range of premises, palaces, gardens and various buildings in almost all ar",http://www.thepraguecastle.com,none,none,Introduce AI chatbot to reduce support workload,9,agency,['is_agency'],keyword match: agency,0.8,,,,,,,
keyword,saas,"['has_developer_docs', 'has_integrations']",Balbina Bujak Project Manager Adam Kadłuczka Automation Specialist Piotr Protasewicz Automation Consultant piotr pikuła integration developer DANIEL SERWATKA .net developer stanley Kunz Web designer Martyna Wiernicka Ux Designer Daniel Kowalski .NeT Developer Specjaliści SellIntegro Dedykowani Programiści magdalena kwiecińska marketplace,http://www.changelog.pl,none,none,Introduce AI chatbot to reduce support workload,10,saas,"['has_developer_docs', 'has_integrations']",keyword match: saas,0.85,['kontakt@changelog.pl'],['8943195139'],,,,,
keyword,saas,"['has_api_docs', 'is_agency']","Projekte planen, umsetzen & betreuen | spectrum8 Show navigation Hide navigation Home Portfolio White Label Shop Schnittstellen Geschäftsprozesse Backoffice About Team Projekte Szenarien Kontakt Jobs spectrum project. process. performance. unlimited: Unsere Projekte haben sich bereits bewährt und Erfolgsg",http://www.spectrum8.de,none,none,Introduce AI chatbot to reduce support workload,10,saas,"['has_api_docs', 'is_agency']",keyword match: saas,0.85,"['info@spectrum8.de', 'm.wegen@spectrum8.de']","['05251-5448', '05251-5448666', '05251-6939']",,,,,
keyword,saas,"['has_login', 'has_pricing', 'has_schedule_demo']",Pricelab - Competitive Price Monitoring & Dynamic Pricing Tool Solutions For Retailers Price Intelligence Software Ecommerce Price Monitoring Price Tracker Pricing Tool for Retailers and Brand Competitor Pricing Analysis Pricing Automation Software Dynamic Pricing Softw,http://www.pricelab.co,none,none,Introduce AI chatbot to reduce support workload,10,saas,"['has_login', 'has_pricing', 'has_schedule_demo']",keyword match: saas,0.75,,,,,,,
keyword,agency,['is_agency'],"Contact More Use tab to navigate through the menu items. Influencer-Driven Shoppertainment Social Commerce & Influencer Marketing Agency A Leading TikTok Shop Partners MEMO, a leading TikTok Shop Partner and preferred TSP, closely collaborates with brand partners, offering tailored brand solutions to effectively target customers through p",http://www.memo.live,none,none,Introduce AI chatbot to reduce support workload,9,agency,['is_agency'],keyword match: agency,0.8,"['contact@memo.live', 'reachout@memo.live']",[],,,,,
keyword,saas,"['has_book_call', 'has_developer_docs', 'has_integrations', 'has_pricing', 'is_agency']","Ecommerce Website Design Enfield, North London - Ecommerce Direct call us: 020 8363 4905 home about portfolio features pricing Blog contact us Affordable Web Development for Startup & Brands Dedicated Web Designers Custom Web Developement Free Consultation Quick Turn Around Custom Online Stores No Obligation Design Get",http://www.ecommerce-direct.co.uk,none,none,Introduce AI chatbot to reduce support workload,10,saas,"['has_book_call', 'has_developer_docs', 'has_integrations', 'has_pricing', 'is_agency']",keyword match: saas,0.85,['info@ecommerce-direct.co.uk'],"['020 8363', '1320 020 3371', '4905 020 7096']",,,,,
keyword,saas,"['has_developer_docs', 'has_integrations', 'has_login', 'has_schedule_demo', 'is_agency']",ppliances Health & Nutrition Home & Living Garden & Outdoors DIY Sports & Cycling Fashion & Beauty B2B Customer stories Case studies Store testimonials User reviews Demo store Resources Blog Release Log Help Center Contact Login Book your demo EN Dutch English Book a demo The #1 guided selling software for e-commerce Leading e-commerce st,http://www.aiden.cx,none,none,Introduce AI chatbot to reduce support workload,10,saas,"['has_developer_docs', 'has_integrations', 'has_login', 'has_schedule_demo', 'is_agency']",keyword match: saas,0.85,,,,,,,
keyword,agency,"['has_pricing', 'is_agency']","you can rely on Premier Flooring Worcester. We combine high quality workmanship with in-depth knowledge and unbeatable prices to provide you with a flooring service unmatched by our competitors. Our fitters work across Worcestershire, Solihull and the wider West Midlands, and we ship our in stock floors UK-wide. All Of Your Favourite Flo",http://www.premierflooringgroup.co.uk,none,none,Introduce AI chatbot to reduce support workload,10,agency,"['has_pricing', 'is_agency']",keyword match: agency,0.8,[],['01905 2773'],,,,,
keyword,saas,['has_developer_docs'],"been signed up with a partner organization (e.g., a hosting provider) and the provider's DNS fails. Please see https://developers.cloudflare.com/support/troubleshooting/http-status-codes/cloudflare-1xxx-errors/error-1001/ for more details. Was this page helpful? Yes No Thank you for your feedback! Cloudflare Ray ID: 9d2e14023c46ce74 • Yo",http://www.wuuhoo.com,none,none,Introduce AI chatbot to reduce support workload,9,saas,['has_developer_docs'],keyword match: saas,0.85,,,,,,,
keyword,saas,"['has_login', 'has_pricing']",ssing Down Knowledge ✕ Preserving & Passing Down Knowledge The 4C's The Diamond Carat System History and Provenance The Pricing Of Antique Jewellery History History ✕ History Rings Through the Ages A History Of Marriage Rings Knowledge ✕ Knowledge View All Jewellery History Jewellery History ✕ Jewellery History Ancient Roman Viking Mediev,http://www.berganza.com,none,none,Introduce AI chatbot to reduce support workload,10,saas,"['has_login', 'has_pricing']",keyword match: saas,0.75,['info@berganza.com'],"['404 2336', '430 0393', '970-1974']",,,,,
keyword,services,['has_book_call'],Knowledge Tags are successfully installed and will be added to the website. Home Welding Products Repair Services Gases Request a Call Back About Corydon Location Mitchell Location Welding Products and Services Top Brands of Welding Equipment | Fast Delivery Service | Free Repair Estimates Are Available Top Brands of Welding Equipment Fas,http://www.arcweldinc.com,none,none,Introduce AI chatbot to reduce support workload,9,services,['has_book_call'],keyword match: services,0.85,[],"['(812) 738-4344', '(812) 849-4222']",,,,,
keyword,services,['has_book_call'],e to introduce the business and what it has to offer. Define the qualities and values that make it unique. Things We Do Schedule a Call Strategy This is the space to introduce the business and what it has to offer. Define the qualities and values that make it unique. Planning This is the space to introduce the business and what it has to,http://www.kptnmarketing.at,none,none,Introduce AI chatbot to reduce support workload,9,services,['has_book_call'],keyword match: services,0.85,,,,,,,
keyword,services,['has_schedule_demo'],"rodotti in base alle specifiche caratteristiche tecniche di ogni categoria. Saperne di più è facile, contattaci per una demo personalizzata della piattaforma. SCOPRI DI PIÙ Vuoi saperne di più? In Italia Digrim è riconosciuta come l’organizzazione indipendente più rappresentativa del settore. Contattaci per conoscere tutti i vantaggi per",http://www.digrim.it,none,none,Introduce AI chatbot to reduce support workload,9,services,['has_schedule_demo'],keyword match: services,0.85,[],"['00432820355', '522.3067', '522.7922']",,,,,
keyword,agency,"['has_login', 'is_agency']","Uniceramica.it Home Shop Portfolio Offerte Contact us 0 0 Sign in la certezza della tua scelta... Precedente Successivo Da diversi anni, Uniceramica è il punto di riferimento per chi cerca materiali di alta qualità per ristrutturazioni e nuove c",http://www.uniceramica.it,none,none,Introduce AI chatbot to reduce support workload,10,agency,"['has_login', 'is_agency']",keyword match: agency,0.8,['info@uniceramica.it'],"['+39 0362 133 2707', '+39 366 193 1127', '00974680142']",,,,,
keyword,services,['has_schedule_demo'],s automatiškai kurti prekes Jūsų el. parduotuvėje. Sužinoti daugiau apie sąsajų galimybes Išbandyk NEMOKAMAI Įsidiekite DEMO versiją vos per 3 minutes. Išbandyti sistemą nemokamai Norite užsiregistruoti nemokamai konsultacijai? Parašykite mums! El. parduotuvės adresas Vardas Pavardė Telefonas El. paštas Komentaras Pateikti užklausą Jūsų ž,http://www.verskis.lt,none,none,Introduce AI chatbot to reduce support workload,9,services,['has_schedule_demo'],keyword match: services,0.85,"['labas@verskis.lt', 'pagalba@verskis.lt']",[],,,,,
keyword,services,['has_book_call'],r Dropshipping About Blog Services Process Claim Free Session! â,http://www.marketingstorm.nl,none,none,Introduce AI chatbot to reduce support workload,9,services,['has_book_call'],keyword match: services,0.85,,,,,,,
keyword,agency,['is_agency'],"er is written. Trend awareness, thoughtful collection development and a deep understanding of retail are at the core of our work. We collaborate closely with our brands, supporting them from early collection concepts to market-ready assortments. Our team combines sales expertise with a strong sense for product, enabling us to act as a str",http://www.brandmasters.de,none,none,Introduce AI chatbot to reduce support workload,9,agency,['is_agency'],keyword match: agency,0.8,"['a-c.paulig@brandmasters.de', 'assistent@brandmasters.de', 'c.wobben@brandmasters.de', 'gerlach@brandmasters.de', 'info@brandmasters.de', 'k.gerlach@brandmasters.de', 'k.hanke@brandmasters.de', 'm.wilhelm@brandmasters.de', 'r.puschmann@brandmasters.de', 's.altmueller@brandmasters.de']",[],,,,,
keyword,services,"['has_book_call', 'has_plans', 'is_agency']",". We don’t just set things up—we stay accountable to keeping them right. What happens when things don’t go according to plan? That’s where we’re most valuable. We operate as an extension of your team—anticipating issues, triaging quickly, and quarterbacking solutions across Walmart, partners, and internal teams. When problems arise, you’r",http://www.hatcherygroup.com,none,none,Introduce AI chatbot to reduce support workload,10,services,"['has_book_call', 'has_plans', 'is_agency']",keyword match: services,0.85,['getcracking@hatcherygroup.com'],[],,,,,
keyword,saas,"['has_developer_docs', 'has_login']","ed site audits are thorough and easy to follow. We've significantly improved our website's performance!"" Adam Smith Web Developer ""We love how user-friendly the interface is, especially for beginners. It’s packed with powerful features, but everything is clearly laid out, making it easy to optimize our site step-by-step. We've seen tangib",http://www.trd-solutions.com,none,none,Introduce AI chatbot to reduce support workload,10,saas,"['has_developer_docs', 'has_login']",keyword match: saas,0.85,['tim@degeler.com'],['+49 171 7510720'],,,,,
keyword,agency,"['has_login', 'is_agency']","Stoploop professionalità esperienza disponibilità home portfolio cromika blog Foto ecommerce contatti Vasche Freestanding Lullaby Info Incrementa il tuo Business con Opsboard 4.0 Opsboard 4.0 è stato sviluppato per soddisfare le esigenze dei rivenditori a 360°, dal negozio f",http://www.stoploop.it,none,none,Introduce AI chatbot to reduce support workload,10,agency,"['has_login', 'is_agency']",keyword match: agency,0.8,[],['+39 3791018967'],,,,,
keyword,saas,"['has_login', 'has_plans', 'has_pricing']",partners have issued a service alert for the Northeastern U.S. as of 02/23/26. Shipments may be delayed as contingency plans are implemented.  1-800-213-1092 ⚑ Metal Gobo Notice 🛈 FAQ  Deals & Discounts  My Account Home Products Gobo Projectors Virtual Signs & Lines Projector Parts Custom Gobos Stock Art Gobos Wedding & Event Gobos Co,http://www.gobosource.com,none,none,Introduce AI chatbot to reduce support workload,10,saas,"['has_login', 'has_plans', 'has_pricing']",keyword match: saas,0.75,['sales@gobosource.com'],['1-800-213-1092'],,,,,
keyword,saas,['has_developer_docs'],"been signed up with a partner organization (e.g., a hosting provider) and the provider's DNS fails. Please see https://developers.cloudflare.com/support/troubleshooting/http-status-codes/cloudflare-1xxx-errors/error-1001/ for more details. Was this page helpful? Yes No Thank you for your feedback! Cloudflare Ray ID: 9d2e22c58a6ece74 • Yo",http://www.suiava.dk,none,none,Introduce AI chatbot to reduce support workload,9,saas,['has_developer_docs'],keyword match: saas,0.85,,,,,,,
keyword,saas,['has_developer_docs'],"been signed up with a partner organization (e.g., a hosting provider) and the provider's DNS fails. Please see https://developers.cloudflare.com/support/troubleshooting/http-status-codes/cloudflare-1xxx-errors/error-1001/ for more details. Was this page helpful? Yes No Thank you for your feedback! Cloudflare Ray ID: 9d2e23353bfb1739 • Yo",http://www.vionine.com,none,none,Introduce AI chatbot to reduce support workload,9,saas,['has_developer_docs'],keyword match: saas,0.85,,,,,,,
keyword,agency,"['has_plans', 'is_agency']","sierung von Userverhalten UX-Analytics & Split-Testing Landingpages, Squeezepages Mehr erfahren Aus einer Idee wird ein Plan Haben Sie Fragen oder schon ein konkretes Projekt im Kopf? Wir hören zu, stellen die richtigen Fragen und beraten Sie im ersten Schritt kostenlos und unverbindlich . +49 (0)611 341 988 55 oder nutzen Sie unser Konta",http://www.orangebytes.de,none,none,Introduce AI chatbot to reduce support workload,10,agency,"['has_plans', 'is_agency']",keyword match: agency,0.8,['service@orangebytes.de'],[],,,,,
keyword,agency,['is_agency'],nformationen Impressum Datenschutzerklärung Kontakt Über uns Anfahrt Gewinnspiele Anmeldung „Steinmetz News“ Jobs Unser Portfolio Praxisplanung Praxisausbau und Praxisumbau Praxiseinrichtung Büroplanung Büroeinrichtung Onlineshop für Büromöbel Glastrennwände Telefonzelle fürs Büro Raum in Raum Systeme Second Life Konzept Zertifikate Spons,http://www.steinmetz-einrichtungen.de,none,none,Introduce AI chatbot to reduce support workload,9,agency,['is_agency'],keyword match: agency,0.8,[],['09364-7979'],,,,,
keyword,agency,['is_agency'],"es are your go-to spot for the latest in scaffolding. It’s packed with industry news, expert white papers, and detailed case studies of our projects. Stay in the know on new trends, read about our innovative solutions, and see how we tackle various construction challenges. Let's Talk About Ring Lock This needs to be two long sentences abo",http://www.stvaonline.com,none,none,Introduce AI chatbot to reduce support workload,9,agency,['is_agency'],keyword match: agency,0.8,['sales@stvaonline.com'],"['+1 281 801 4149', '877-890-8490']",,,,,
keyword,agency,['is_agency'],"tellectual property investments. Additionally, our operational digital services group provides strategic support to our portfolio investments and partnerships—helping founders, entrepreneurs, and investors bring their vision to fruition through our expertise in brand management, innovation, and digital activation. Investments Recognized B",http://www.windsongglobal.com,none,none,Introduce AI chatbot to reduce support workload,9,agency,['is_agency'],keyword match: agency,0.8,,,,,,,
keyword,saas,"['has_contact_sales', 'has_developer_docs', 'has_integrations', 'has_pricing']",tom tasks and service levels Distribution Engine Create distribution databases in minutes Cost Intelligence Predictable pricing with accurate estimations Real-World Use Cases Discover how metreek transforms business operations with AI-powered automation Long-Tail Automation Virtual Support Channel Most Popular Use Case Automate KAM Tasks,http://www.metreek.com,none,none,Introduce AI chatbot to reduce support workload,10,saas,"['has_contact_sales', 'has_developer_docs', 'has_integrations', 'has_pricing']",keyword match: saas,0.85,[],['001-3000'],,,,,
keyword,agency,['is_agency'],"Top Consumer Goods Marketing Agency - AndThenSome Marketing Your Brand’s Sales and Marketing Dream Team, Ready to Launch! Home About Us Our Services Partners Categories Contact More Home About Us Our Services Partners Categories Contact Ho",http://www.andthensomemarketing.com,none,none,Introduce AI chatbot to reduce support workload,9,agency,['is_agency'],keyword match: agency,0.8,['hello@andthensomemarketing.com'],[],,,,,
keyword,saas,"['has_login', 'has_plans']",de repousser les limites de Google Ads sur ce canal Études de cas Blog Newsletter Nos contenus gratuits NOS GUIDES > 📊 Dashboard de suivi Google Ads NOS CHECKLISTS > 42 points de vérification sur Google Ads > Checklist Performance Max > Checklist Google Shopping > 9 points pour réussir ses soldes en SEA > Template d'écriture d'annonce (b,http://www.ceos.fr,none,none,Introduce AI chatbot to reduce support workload,10,saas,"['has_login', 'has_plans']",keyword match: saas,0.75,,,,,,,
keyword,saas,"['has_contact_sales', 'has_developer_docs', 'has_integrations', 'has_pricing']","ownload Resources Releases & Changelog Support chevron_right Knowledge Base Contact Technical Support General Inquiries Contact Sales search search Contact Sales Connect Your Radios. Anywhere. Over Any Network. Mimer SoftRadio is a leading Radio over IP dispatch system , designed and manufactured in Stockholm, Sweden. Trusted in 70+ count",http://www.lse.se,none,none,Introduce AI chatbot to reduce support workload,10,saas,"['has_contact_sales', 'has_developer_docs', 'has_integrations', 'has_pricing']",keyword match: saas,0.85,['info@lse.se'],[],,,,,
keyword,saas,"['has_cart', 'has_developer_docs', 'has_schedule_demo']","g hammer devices Non-contact and gentle extraction of internal bearings etc. more information... Know-how As a solution developer with know-how and vision, KUKKO has been focusing on perfect consulting for over 100 years. Use our knowledge Blog 20. February 2026 Company KUKKO invests in young talent in China Future-oriented highly automat",http://www.kukko.com,none,none,Introduce AI chatbot to reduce support workload,10,saas,"['has_cart', 'has_developer_docs', 'has_schedule_demo']",keyword match: saas,0.85,['info@kukko.com'],['103 9754'],,,,,
keyword,agency,"['has_plans', 'has_pricing', 'is_agency']",keeping Corporation Tax Services International VAT and GST Fractional CFO Personal Tax Return Other E-Commerce Services Pricing Help and Guidance E-Commerce – Getting Started Card Fraud Website Security Ecommerce VAT Frequently Asked Questions Ecosystem Online Security E-Commerce Legal Services PureClarity Personalised Shopping Experience,http://www.elverecommerceaccountants.co.uk,none,none,Introduce AI chatbot to reduce support workload,10,agency,"['has_plans', 'has_pricing', 'is_agency']",keyword match: agency,0.8,['enquiries@elverconsultancy.co.uk'],"['01942 7254', '07748 7411']",,,,,
keyword,agency,['is_agency'],ernazionalizzazione Data Analysis Lead Generation Brand Identity Case Studies Contact Us Prenota Consulenza Performance Marketing Agency Strategie digital per ecommerce e aziende alla ricerca di risultati Essere Google Premier Partner è una garanzia di eccellenza . Solo le migliori agenzie italiane possono vantare questa certificazione es,http://www.dynamica.biz,none,none,Introduce AI chatbot to reduce support workload,9,agency,['is_agency'],keyword match: agency,0.8,"['commerciale@dynamica.biz', 'dynamica@postapec24.it']","['+39 049641699', '03844860282']",,,,,
keyword,saas,"['has_login', 'has_pricing']","E-Commerce, Data Analytics & Pricing für Bergbahnen & Freizeitanbieter | Pricenow Cookie Settings Branchen Branchen Bergbahnen Starke Saison- und Wetterabhängigkeit Tourismusorganisationen Vielseitigen Erwartungen gerecht werden Thermen & Bäder Stei",http://www.pricenow.ch,none,none,Introduce AI chatbot to reduce support workload,10,saas,"['has_login', 'has_pricing']",keyword match: saas,0.75,['info@pricenow.ch'],[],,,,,
keyword,agency,"['has_pricing', 'is_agency']",Vision 99 Home About Services Projects Blogs Pricing Contact SCROLL TO EXPLORE • SCROLL TO EXPLORE • SCROLL TO EXPLORE • SCROLL TO EXPLORE • You got 99 problems but VISION AIN'T ONE You got 99 problems but VISION AIN'T ONE You got 99 problems but VISION AIN'T ONE Y,http://www.99.vision,none,none,Introduce AI chatbot to reduce support workload,10,agency,"['has_pricing', 'is_agency']",keyword match: agency,0.8,['ross@99.vision'],['+1 (702) 553-5171'],,,,,
keyword,saas,"['has_integrations', 'has_pricing']","fast, beautiful website that works flawlessly on every device and keeps visitors coming back. INTELLIGENT INNOVATION AI Integration Add smart automation and AI-powered features that save you time and delight your customers. SELL MORE ONLINE E-commerce Solutions Launch an online store that looks great, loads fast, and makes buying easy for",http://www.configurate.com,none,none,Introduce AI chatbot to reduce support workload,10,saas,"['has_integrations', 'has_pricing']",keyword match: saas,0.75,,,,,,,
keyword,agency,['is_agency'],DVO - Die erste Wahl für Blasmusiker und Blasorchester Verlag Autor werden So einfach geht’s Unsere Autoren Portfolio Zeitschriften BRAWOO mucke Fachbücher Fachbücher Reihe „clarino.extra“ Reihe „Aus der Praxis – für die Praxis“ Unterhaltung Bühnendichter Aufgehängt Abgefackelt Ausgeblasen Der Schicksalsschreiber Webseiten Der,http://www.dvo-verlag.de,none,none,Introduce AI chatbot to reduce support workload,9,agency,['is_agency'],keyword match: agency,0.8,['info@dvo-verlag.de'],['999-2023'],,,,,
keyword,agency,"['has_plans', 'is_agency']",er | Pay as You Grow GET FREE MARKETING REPORT Contact Us to Get Free Marketing Report for Your Business. Get Marketing Plan WHAT CAN OUR SERVICES DO FOR YOU A Varied Content And Design For Every Different Stage Of Digital Advertising. Our Inbound Digital Marketing Campaigns Are Crafted To Match Your Needs. MARKETING CONSULTANT Comprehens,http://www.selfcraftmedia.com,none,none,Introduce AI chatbot to reduce support workload,10,agency,"['has_plans', 'is_agency']",keyword match: agency,0.8,[],['+1(908) 502-7394'],,,,,
keyword,agency,['is_agency'],"the forefront of the ecommerce private label industry, leveraging the power of global marketplaces to launch a diverse portfolio of successful brands. We are a team of tech enthusiasts, dedicated to reshaping the ecommerce landscape through innovative practices, automated processes, and data-driven decision-making. Our humble yet efficie",http://www.nivion.de,none,none,Introduce AI chatbot to reduce support workload,9,agency,['is_agency'],keyword match: agency,0.8,,,,,,,
keyword,saas,"['has_integrations', 'has_login', 'has_plans', 'has_pricing']",easySales - Marketplace integrations Romanian English UK English US Hungarian Bulgarian Polish Functions Product listing Order management Stock control Automated pricing Automated translation SMS Notifications Image processing Integrations Pric,http://www.easy-sales.com,none,none,Introduce AI chatbot to reduce support workload,10,saas,"['has_integrations', 'has_login', 'has_plans', 'has_pricing']",keyword match: saas,0.75,['contact@easy-sales.com'],[],,,,,
keyword,saas,"['has_integrations', 'has_plans', 'is_agency']","ROI-Driven E-Commerce Marketing Agency - ECD Digital Strategy skip to main content Industries Home & Garden Food & Beverage Clothing and Apparel All Industries ""ECD Digital Strategy is our secret weapon. I don’t know where our company would b",http://www.ecdigitalstrategy.com,none,none,Introduce AI chatbot to reduce support workload,10,saas,"['has_integrations', 'has_plans', 'is_agency']",keyword match: saas,0.75,[],['309 518-217-5651'],,,,,
keyword,agency,['is_agency'],"quick-sale and asset divestitures, our investment model leads to significant growth and operational improvements in our portfolio companies. We focus on opportunities that lead to improvements in the relationships and lives of customers, employees, vendors and the communities they serve. The vast experience of our principle investors allo",http://www.stonefoxventures.com,none,none,Introduce AI chatbot to reduce support workload,9,agency,['is_agency'],keyword match: agency,0.8,,,,,,,
keyword,saas,"['has_integrations', 'has_login', 'has_plans', 'has_pricing']","Barcode Scanners, Label Printers & Mobile Computers - UK Experts Trustpilot ERS Online Home Page 01234 855 300 | Log in | Register | Contact Search Log in 0 £0.00 Shop by Brand Barcode Scanners Label Printers Colour Label Printing Tape Label Printers Pricing Guns and Supplies ID Card Printer Solutions Mobile Computing Point of Sale",http://www.ers-online.co.uk,none,none,Introduce AI chatbot to reduce support workload,10,saas,"['has_integrations', 'has_login', 'has_plans', 'has_pricing']",keyword match: saas,0.75,,,,,,,
keyword,services,"['has_integrations', 'has_schedule_demo']",ices Customer Experience Transformation Business Intelligence & Customer Analytics User Experience Design Development & Integration Solutions CRM E-commerce Flexidash Demand Generation Markets Business Specialized Retail Distribution LVENGINE Your partner Location and Contacts Blog Support Remote Support Ask for a demo O que procura? Intr,http://www.lvengine.com,none,none,Introduce AI chatbot to reduce support workload,10,services,"['has_integrations', 'has_schedule_demo']",keyword match: services,0.85,[],['021-2026'],,,,,
keyword,saas,"['has_free_trial', 'has_login', 'has_plans']",Knitandnote - App for knitting and crochet Skip to content NO EN About Us Features & Plans Our yarn Q&A Blog Shop Start free trial Log in About Us Features & Plans Our yarn Q&A Blog Shop Start free trial Log in Start prøveperiode Logg inn Start prøveperiode Logg inn Start free trial Login Start free tria,http://www.knitandnote.com,none,none,Introduce AI chatbot to reduce support workload,10,saas,"['has_free_trial', 'has_login', 'has_plans']",keyword match: saas,0.75,,,,,,,
keyword,saas,"['has_integrations', 'has_login', 'is_agency']","equity capital and funds from private investors. At Venturepackt, he shares his expertise in arranging a new investment portfolio for founders post-exit. See more Patryk Chrzan Owner of strive.pl and an experienced recruitment specialist in the TSL and e-commerce sectors. Patryk has extensive experience in Direct Search and Executive Sear",http://www.venturepackt.com,none,none,Introduce AI chatbot to reduce support workload,9,saas,"['has_integrations', 'has_login', 'is_agency']",keyword match: saas,0.75,['info@venturepackt.com'],"['+34 682787474', '+49 171 9282988', '695 7895', '852 5976']",,,,,
keyword,agency,"['has_integrations', 'is_agency']",Home - Taikun Digital Services Ad Creative Pay Per Click Ads Paid Social Ads Landing Pages Case Studies Creative Portfolio Media Podcast Blog About Us Services Ad Creative Pay Per Click Ads Paid Social Ads Landing Pages Case Studies Creative Portfolio Media Podcast Blog About Us Menu toggle Start Scaling Strat,http://www.taikundigital.com,none,none,Introduce AI chatbot to reduce support workload,10,agency,"['has_integrations', 'is_agency']",keyword match: agency,0.8,,,,,,,
keyword,saas,"['has_developer_docs', 'has_integrations', 'has_plans', 'is_agency']",experiences. Data & Analytics Utilize your data to enable valuable insights for data-driven KPI fulfillment. Enterprise Integration Services,http://www.customertimes.com,none,none,Introduce AI chatbot to reduce support workload,10,saas,"['has_developer_docs', 'has_integrations', 'has_plans', 'is_agency']",keyword match: saas,0.85,['info@customertimes.com'],"['+1 (332) 262-3775', '007-2024', '007-2026', '212-520-0059']",,,,,
keyword,agency,['is_agency'],"temów, oraz automatyzacji zbudowanych procesów. Wspieramy w wykorzystaniu AI w strategicznych i operacyjnych zadaniach. Case studies Budowa marketingu dystrybutora marek sportowych – case study 4Run Więcej Hot Wzrost sprzedaży internetowej w czasie turbulencji rynkowych – Case Study MMAniak.pl Hot 3-krotny wzrost sprzedaży w sklepie inter",http://www.strategicmind.pl,none,none,Introduce AI chatbot to reduce support workload,9,agency,['is_agency'],keyword match: agency,0.8,['hello@strategicmind.pl'],[],,,,,
keyword,saas,"['has_developer_docs', 'has_plans']",eliable Home Solutions Skip to main content Reliable Home Solutions Light Dark Auto EN 🇺🇸 English 🇲🇽 Español Home Floor Plans Gallery Interior Photos Exterior Photos Videos Home Solutions Manufactured Housing Accessory Dwelling Units (ADUs) Accessibility & Wheelchair-Friendly Homes Student Housing Resorts Experiences Resources Articles Ab,http://www.reliablehomesolutions.net,none,none,Introduce AI chatbot to reduce support workload,10,saas,"['has_developer_docs', 'has_plans']",keyword match: saas,0.85,[],['(877) 442-4403'],,,,,
keyword,saas,"['has_developer_docs', 'has_login']",Über Uns / Jobs Stellenangebote Ausbildung Einzelhandel Büromanagement E-Commerce Lagerlogistik Unser Team Mitarbeiter Login Geschichte Chronik Kontakt Kontakt Kontakt Kontaktformular Anfahrt Öffnungszeiten DIY-Workshops voller Inspiration! Bastelt mit uns! Mehr erfahren Frühling dekorieren – Zeit für frische Lieblingsstücke! Hallo Farbe,http://www.garten-matthies.com,none,none,Introduce AI chatbot to reduce support workload,10,saas,"['has_developer_docs', 'has_login']",keyword match: saas,0.85,,,,,,,
keyword,agency,"['has_plans', 'has_pricing', 'is_agency']","now while setting the foundation for growth and future marketing efforts. Our Process At Home Town Social, our diverse portfolio boasts over 140 projects, encompassing a wide range of industries and client types. Our expertise spans from startups to global companies, providing solutions tailored to each unique request and client need. 14",http://www.htsocial.co,none,none,Introduce AI chatbot to reduce support workload,10,agency,"['has_plans', 'has_pricing', 'is_agency']",keyword match: agency,0.8,['justin@htsocial.co'],['(740) 601-7832'],,,,,
keyword,agency,"['has_integrations', 'is_agency']",d We make it simple. Contact Us Full Service Boutique Consulting Agency All in One BrandXFocus is an All In One Digital Marketing Agency. Learn More Align Our Goals We are thoughtful and align your goals and values to our marketing. Learn More Marketing Strategist We use our proven strategies to execute effective ROI. Learn More Experienc,http://www.brandxfocus.com,none,none,Introduce AI chatbot to reduce support workload,10,agency,"['has_integrations', 'is_agency']",keyword match: agency,0.8,,,,,,,
keyword,agency,"['has_login', 'is_agency']","it Our work Cases Testimonials About us Blog Affiliate program Vacancies Contact Free audit We are the last performance marketing agency you will ever work with A team of senior specialists who provide more peace of mind, time in your day and profit from your Ad spend. After Adverge, you will never want anything else. Senior-only marketee",http://www.adverge.com,none,none,Introduce AI chatbot to reduce support workload,10,agency,"['has_login', 'is_agency']",keyword match: agency,0.8,['info@adverge.com'],['4586464'],,,,,
keyword,agency,['is_agency'],"color=”rgb(0, 0, 0)” minfontsize=”48″ fs=”10px” lh=”1.136″ ls=”-0.01em” compressor=”0.75″ padding=”right_large:5%25″] A creative studio delivering engaging digital campaigns, premium branding and e-commerce management. [/ld_fancy_heading][/vc_column_inner][/vc_row_inner][/vc_column][/vc_row][vc_row content_placement=”middle” css=”.vc_cust",http://www.byoriginals.co.uk,none,none,Introduce AI chatbot to reduce support workload,9,agency,['is_agency'],keyword match: agency,0.8,[],"['1593089427390', '1593090363140', '1593607469100', '1593614703789', '1593615230716', '1593615344650', '1593616131068', '1593619611471', '1593624299188', '1593628675751']",,,,,
keyword,saas,"['has_login', 'has_plans']","sierkussens Luxe bijzettafels Beschermhoezen Over ons Terug Ons verhaal Onze projecten Onze blog Onze showrooms Welkom Login of registreer Doorgaan met Facebook Doorgaan met Google LoginWithApple Bij account registratie, ga je automatisch akkoord met onze Algemene voorwaarden Ga verder als gast Luxe design tuinmeubelen Bekijk onze tuinme",http://www.nmoss.com,none,none,Introduce AI chatbot to reduce support workload,10,saas,"['has_login', 'has_plans']",keyword match: saas,0.75,['info@nmoss.com'],[],,,,,
keyword,agency,"['has_pricing', 'is_agency']","treams, manage relationships and take our business to the next level."" Aubrey Sieder Founder and CEO of @Strut This Our Pricing Model Transparent, commitment-free pricing Tailored services to fit your businesses' needs We'll never sell you a service we don't feel confident in. We work with each of our partners to come up with the best sol",http://www.directturn.com,none,none,Introduce AI chatbot to reduce support workload,10,agency,"['has_pricing', 'is_agency']",keyword match: agency,0.8,['contact@mail.com'],[],,,,,
keyword,agency,['is_agency'],k. Using sustainable and progressive practices isn’t just how we make our products; it’s a principle we value in all of our work. Sensitive Skin Friendly Non GMO Project Verified Certified Vegan Leaping Bunny Certified FSC Certified Women Owned MADE IN THE USA Family Owned & Operated Careers P: (859) 647-0777 E: info@kirksnatural.com MOND,http://www.kfonb.com,none,none,Introduce AI chatbot to reduce support workload,9,agency,['is_agency'],keyword match: agency,0.8,['info@kirksnatural.com'],['(859) 647-0777'],,,,,
keyword,agency,['is_agency'],"Forward ™ iON Pharma is a pharmaceutical manufacturer focused on providing reliable access to high-quality medications. Our work is guided by integrity, collaboration, and a commitment to quality reflected in every product and solution. We support partners and customers through a growing portfolio of prescription therapies, non-addictive",http://www.ionpharmausa.com,none,none,Introduce AI chatbot to reduce support workload,9,agency,['is_agency'],keyword match: agency,0.8,[],['(833) 711-8833'],,,,,
keyword,saas,['has_developer_docs'],"been signed up with a partner organization (e.g., a hosting provider) and the provider's DNS fails. Please see https://developers.cloudflare.com/support/troubleshooting/http-status-codes/cloudflare-1xxx-errors/error-1001/ for more details. Was this page helpful? Yes No Thank you for your feedback! Cloudflare Ray ID: 9d2e67147cb5ffc4 • Yo",http://www.relentlessmerch.com,none,none,Introduce AI chatbot to reduce support workload,9,saas,['has_developer_docs'],keyword match: saas,0.85,,,,,,,
keyword,agency,['is_agency'],p fees. Learn More Laser Engraving/Cutting/Etching Digital Print High Quality High Perfomance Large Format Microfactory Case Studies Learn how branded products and services help accelerate sales and marketing initiatives for Fortune 500 companies. Learn More Ferrari Holiday Store Kawasaki Pacific Life Shop Catalog Branded Merchandise POS,http://www.ses-bms.com,none,none,Introduce AI chatbot to reduce support workload,9,agency,['is_agency'],keyword match: agency,0.8,,,,,,,
keyword,saas,"['has_login', 'has_pricing']","oyment Sadoff Iron & Metal SunCoast Communications Electronics Recycling Secure Data Destruction I.T. Asset Remarketing PRICING SIP LOGIN Menu Electronics Recycling Secure Data Destruction IT Asset Remarketing PRICING Blog Videos About Us About Us Page Certifications Careers Locations Wisconsin Locations Fond Du Lac, WI Green Bay, WI Mani",http://www.sadoffelectronicsrecycling.com,none,none,Introduce AI chatbot to reduce support workload,10,saas,"['has_login', 'has_pricing']",keyword match: saas,0.75,[],"['(402) 470-2510', '(402) 769-0034', '(402) 805-0065', '(833) 373-2925', '(920) 232-7373', '(920) 234-9562', '(920) 347-7017', '(920) 434-0137', '(920) 457-2431', '(920) 684-3388']",,,,,
keyword,saas,"['has_pricing', 'has_schedule_demo']",gents that automate the entire commerce journey. Auto-pilot for brands. Co-pilot for creators. Start your journey Watch Demo Creators Earn Predictably Brands Scale on Auto-pilot Shoppers Trust & Buy TikTok Shop Optimised storefronts AI-Powered 500+ creators Commerce is no longer searched. It's watched. 78% of product discovery now starts,http://www.enara.co,none,none,Introduce AI chatbot to reduce support workload,10,saas,"['has_pricing', 'has_schedule_demo']",keyword match: saas,0.75,,,,,,,
keyword,saas,"['has_login', 'has_pricing', 'is_agency']","ally guided us through several extremely complex issues related to Amazon.com, including transportation, marketing, and pricing. Their professionalism and extensive knowledge of Amazon.com make Brand Focus Digital a vital part of MJM Management's (and Green Goat's) e-commerce broker infrastructure."" Matt T. Miottel Owner MJM Management “S",http://www.brandfocusdigital.com,none,none,Introduce AI chatbot to reduce support workload,10,saas,"['has_login', 'has_pricing', 'is_agency']",keyword match: saas,0.75,['info@brandfocusdigital.com'],['110 206-420-8068'],,,,,
keyword,agency,['is_agency'],forms and channels Logistics Distribution center in the heart of Central Europe. Next day delivery See Our Services Our Portfolio Brands we help to grow See All Brands Smart skincare solutions for aging and changing skin Proven science for healthier hair and skin Dead Sea Mineral Skincare Products Fruity gummy bear nutritional supplements,http://www.luxurydistribution.cz,none,none,Introduce AI chatbot to reduce support workload,9,agency,['is_agency'],keyword match: agency,0.8,,,,,,,
keyword,agency,['is_agency'],MENSHEN.swiss - packaging performance since 1987 START ÜBER UNS TEAM PORTFOLIO STANDARDVERSCHLÜSSE WELDSPOUTS CHEMIEVERSCHLÜSSE SCHWAMMAUFTRÄGER KAFFEEKAPSELN SYSTEMVERPACKUNGEN PRODUKTFINDER BOTTLESHOP NACHHALTIGKEIT Kontakt DE FR IT MERKLISTE VERGLEICHEN MENSHEN.swiss – PACKAGING PERFOR,http://www.menshen.swiss,none,none,Introduce AI chatbot to reduce support workload,9,agency,['is_agency'],keyword match: agency,0.8,['contact@menshen.swiss'],['+41418338866'],,,,,
keyword,saas,"['has_integrations', 'has_login']","o meet the specific needs of businesses across various sizes and industries. Contact us Seamless Fuel sales & dispenser integration on iPad POS. We're RapidRMS, leading providers of powerful, comprehensive POS solutions to boost your business. Contact us Open APIs for Third party integration or custom-built apps. RapidRMS: Leaders in dyna",http://www.rapidrms.com,none,none,Introduce AI chatbot to reduce support workload,9,saas,"['has_integrations', 'has_login']",keyword match: saas,0.75,,,,,,,
keyword,saas,"['has_book_call', 'has_integrations', 'has_pricing', 'is_agency']",ht together the best e-commerce and marketing brains to help your business triumph online. Don’t hire a run of the mill digital agency. Hire our full-service marketplace & management growth experts. $ 1 B Amazon Revenue Audited 30 + Years of Combined e-Commerce Experience 1000 s of digital scars and counting Services Audit & Analysis Recl,http://www.currentcommerce.io,none,none,Introduce AI chatbot to reduce support workload,10,saas,"['has_book_call', 'has_integrations', 'has_pricing', 'is_agency']",keyword match: saas,0.75,,,,,,,
keyword,services,"['has_book_call', 'has_cart', 'has_plans', 'has_pricing', 'is_agency']",Opinest - E-commerce Booster | Opinest.com Book a call Menu E-commerce About us Blog Case studies Contact cz sk en CZ / SK Book a call Menu E-commerce Booster Leaders in e-commerce management consulting Long-term Cooperation in E-commerce Management Business Cons,http://www.opinest.com,none,none,Introduce AI chatbot to reduce support workload,10,services,"['has_book_call', 'has_cart', 'has_plans', 'has_pricing', 'is_agency']",keyword match: services,0.85,['welcome@opinest.com'],"['202 500 6606', '2121526913', '5370576']",,,,,
keyword,agency,"['has_integrations', 'is_agency']","Innowacyjne rozwiązania do terapii wziewnych - Pulinno Strona główna Portfolio O nas Standardy Sklep Kontakt PL EN puliNno Inhalator MultiAir MultiAir to wielodawkowy inhalator dwublistrowy, oparty na konstrukcji generycznej typu DPI, zaprojektowany z myślą o prostocie, niezawodności i ko",http://www.pulinno.com,none,none,Introduce AI chatbot to reduce support workload,10,agency,"['has_integrations', 'is_agency']",keyword match: agency,0.8,['office@pulinno.com'],[],,,,,
keyword,agency,['is_agency'],енно в рекламните платформи и Google Analytics. СЕРТИФИКАТИ И ОТЛИЧИЯ ***Accella Digital е включена в Think with Google case studies CEE като пример за успешни кампании за водещ онлайн магазин.*** Прочетете тук Previous Previous Previous Next Next Next ЗА НАШАТА РАБОТА СПОДЕЛИХА Accella Digital поддържат Google Ads присъствеието на Ozone.,http://www.accelladigital.com,none,none,Introduce AI chatbot to reduce support workload,9,agency,['is_agency'],keyword match: agency,0.8,[],['201063386'],,,,,
keyword,services,['has_schedule_demo'],"reikbaar tot: 17:00 uur Voor 15.30 besteld, morgen in huis* Same Day & Next Day bezorging Gratis verzending vanaf € 75* Demo's & trainingen in showroom Volg onze FB pagina +7500 Likes! Word community lid +2700 members! Instagram Elke dag nieuwe inspiratie YouTube Tips & tricks Klantenservice Klantenservice Handleidingen & downloads Verzen",http://www.transferpersshop.nl,none,none,Introduce AI chatbot to reduce support workload,9,services,['has_schedule_demo'],keyword match: services,0.85,,,,,,,
keyword,agency,"['has_login', 'is_agency']",Offizieller BlueOptics SFP Hersteller Log In Additional contact mail (leave blank)* I totally agree to receive nothing* E-Mail-Adresse Passwort Anmelden Passwort vergessen Neu hier? Jetzt registrieren! Deutsch Deutsch English Warenkorb CBO bis der Versand vo,http://www.cbo-it.de,none,none,Introduce AI chatbot to reduce support workload,10,agency,"['has_login', 'is_agency']",keyword match: agency,0.8,"['info@blueoptics.de', 'info@cbo-it.de']","['1.8643343795', '1726666186']",,,,,
keyword,agency,['is_agency'],"“Content is King but engagement is Queen, and the lady rules the house!” Mari Smith ABOUT PROTOCOL is… 26 Years Digital Marketing Agency Providing Tailor Made Innovative Solutions with Result Guarantee!!! DIGITAL MARKETING PROJECTS 200+ Europe & U.S.A INTERNATIONAL MARKET 22% 22% Sales Revenue stems from E.U & USA PROTOCOL is one of the p",http://www.protocol.gr,none,none,Introduce AI chatbot to reduce support workload,9,agency,['is_agency'],keyword match: agency,0.8,,,,,,,
keyword,saas,"['has_developer_docs', 'has_plans']","dia Client 2017 Global Brand position Client 2019 Launch Marketing Operations 01 Strategy We help create strategies and plans that helps you understand the technology, teams, content and more so you can take on the challenges ahead. 02 Operations From marketing to e-commerce to technology changes, our teams can implement and operate at al",http://www.voodoo.co.uk,none,none,Introduce AI chatbot to reduce support workload,10,saas,"['has_developer_docs', 'has_plans']",keyword match: saas,0.85,['info@voodoo.co.uk'],['183 1666'],,,,,
keyword,agency,"['has_plans', 'is_agency']",56K Digital Marketing Agency | Conversion Marketing - Ecommerce Outsourcing Home E-Commerce Outsourcing Conversion Marketing Agency Contacts Ecommerce & Conversion Marketing Agency We are the Digital Marketing agency dedicated to Co,http://www.56k.agency,none,none,Introduce AI chatbot to reduce support workload,10,agency,"['has_plans', 'is_agency']",keyword match: agency,0.8,,,,,,,
keyword,saas,"['has_book_call', 'has_plans', 'has_pricing', 'has_schedule_demo', 'is_agency']",ShopCulture Services Works Reviews FAQs Contact Book a call Services Works Reviews FAQs Contact Book a call Services Works Reviews FAQs Contact Book a call Ex Amazonians turning your brand into Household Names Ex Amazonians turning your brand into Household Names Simp,http://www.shopculture.co,none,none,Introduce AI chatbot to reduce support workload,10,saas,"['has_book_call', 'has_plans', 'has_pricing', 'has_schedule_demo', 'is_agency']",keyword match: saas,0.75,,,,,,,
keyword,saas,"['has_developer_docs', 'has_login']","ortunately, it is resolving to an IP address that is creating a conflict within Cloudflare's system. Please see https://developers.cloudflare.com/support/troubleshooting/http-status-codes/cloudflare-1xxx-errors/error-1000/ for more details. What can I do? If you are the owner of this website: you should login to Cloudflare and change the",http://www.14daymanicure.com,none,none,Introduce AI chatbot to reduce support workload,10,saas,"['has_developer_docs', 'has_login']",keyword match: saas,0.85,,,,,,,
keyword,saas,"['has_developer_docs', 'has_pricing']",fo All important system information directly on the desktop NEW: O&O ToolBox Our top products in a package at a special price! View all products Discover all our tools for Windows Downloads Get installation and portable applications O&O Blog Stay up-to-date with our blog Corporate Solutions Benefits for your company Solutions Protect Ente,http://www.oo-software.com,none,none,Introduce AI chatbot to reduce support workload,10,saas,"['has_developer_docs', 'has_pricing']",keyword match: saas,0.85,[],['997-2026'],,,,,
keyword,agency,"['has_plans', 'is_agency']",e-worx | Leading Digital Marketing Agency in Glasgow top of page Our Services Amazon Marketplace Organic Marketing Paid Marketing Tik-Tok Shop NPD & Market Insights Digital Design Our Blog About Us LET'S TALK We Create & Execute High Impact Digi,http://www.e-worx.co.uk,none,none,Introduce AI chatbot to reduce support workload,10,agency,"['has_plans', 'is_agency']",keyword match: agency,0.8,"['enquires@e-worx.co.uk', 'hello@e-worx.co.uk']","['+44 7555177440', '+44 7568514504']",,,,,
keyword,saas,['has_developer_docs'],"been signed up with a partner organization (e.g., a hosting provider) and the provider's DNS fails. Please see https://developers.cloudflare.com/support/troubleshooting/http-status-codes/cloudflare-1xxx-errors/error-1001/ for more details. Was this page helpful? Yes No Thank you for your feedback! Cloudflare Ray ID: 9d2eb0cdfea2f457 • Yo",http://www.multiplag.com,none,none,Introduce AI chatbot to reduce support workload,9,saas,['has_developer_docs'],keyword match: saas,0.85,,,,,,,
keyword,agency,"['has_pricing', 'is_agency']",r atrd piing elit.,http://www.viper-tech.co.uk,none,none,Introduce AI chatbot to reduce support workload,10,agency,"['has_pricing', 'is_agency']",keyword match: agency,0.8,[],"['0854262', '177 856 1304', '213514351']",,,,,
keyword,services,"['has_schedule_demo', 'is_agency']","vations that stop people in their tracks and turn impressions into impact. Pop-up experiences and mobile tours In-store demo programs and display design Shopper marketing strategy Trade show concepts and booth design Field team staffing and training Brand Strategy & Identity Before we tell your story, we help you uncover it. We get to the",http://www.campfireagency.co,none,none,Introduce AI chatbot to reduce support workload,10,services,"['has_schedule_demo', 'is_agency']",keyword match: services,0.85,,,,,,,
keyword,saas,"['has_login', 'has_schedule_demo']","Adyard | Automatische Bol Ads, versterkt door experts Software Agency Prijzen Klantverhalen Roadmap About Login S t a r t n u g r a t i s Software Agency Prijzen Klantverhalen Roadmap About Login S t a r t n u g r a t i s Rule-sets are live Bol advertenties op auto-pilot. Adyard automatiseert 90â",http://www.bollify.com,none,none,Introduce AI chatbot to reduce support workload,10,saas,"['has_login', 'has_schedule_demo']",keyword match: saas,0.75,[],['023-2024'],,,,,
keyword,saas,"['has_login', 'has_plans']","senza e-commerce, dalla strategia d'impresa allo sviluppo tecnico, garantendo un'esperienza digitale ottimale. Business Plan e Strategia d'impresa Sviluppo piattaforma e-commerce Digitalizzazione catalogo prodotti C.R.O. & UI/UX e-commerce Design Analisi e Ottimizzazione Contattaci AI Utilizza l'intelligenza artificiale per migliorare i p",http://www.ai-commerce.it,none,none,Introduce AI chatbot to reduce support workload,10,saas,"['has_login', 'has_plans']",keyword match: saas,0.75,['info@ai-commerce.it'],"['08978880725', '334 850 5104']",,,,,
keyword,agency,"['has_pricing', 'is_agency']",OUR PRODUCTS Search All Apparel Drinkware Electronics Bags Writing Candy Awards Tradeshows Gifts Wellness NFL LICENSED CASE STUDIES CONTACT More Use tab to navigate through the menu items. HOME: Welcome WE DO IT ALL ,http://www.mycorporateexpressions.com,none,none,Introduce AI chatbot to reduce support workload,10,agency,"['has_pricing', 'is_agency']",keyword match: agency,0.8,[],"['(281) 624-4695', '(281) 807-7898']",,,,,
keyword,agency,['is_agency'],"contrare nella realizzazione di un progetto, sia in fase iniziale sia in fase di sviluppo. Certificati progetti recenti Case studies Di seguito alcuni dei progetti su marketplace di cui siamo piÃ¹ orgogliosi. Leggi di piÃ¹ Leggi di piÃ¹ Leggi di piÃ¹ Leggi di piÃ¹ Leggi di piÃ¹ Nome Email Messagio Invia Contattaci per maggiori informazion",http://www.agencynewera.it,none,none,Introduce AI chatbot to reduce support workload,9,agency,['is_agency'],keyword match: agency,0.8,['info@agencynewera.it'],"['+39 375 9045552', '+393403207036', '02592000976']",,,,,
keyword,agency,['is_agency'],"Home - Standout Solutions About Us Services Case Studies Contact Us About Us Services Case Studies Contact Us We help brands standout with creative merchandise, promotional products and experiences. More About Us → Some of our brand partners Unforgettable branded",http://www.standoutdetroit.com,none,none,Introduce AI chatbot to reduce support workload,9,agency,['is_agency'],keyword match: agency,0.8,['hello@standoutdetroit.com'],['248-579-9022'],,,,,
keyword,saas,"['has_integrations', 'has_plans']",r for Brooklyn Peltz Beckham's new hot sauce launch Shopify design & build Brand and product storytelling 3rd-party app integrations Klaviyo setup & email design Photo plan SEE THE PROJECT The StoneFly Fly Shop A big new online presence for a local fly fishing shop Shopify design & build 3rd-party app integrations Data migration Klaviyo s,http://www.saturdayrepublic.com,none,none,Introduce AI chatbot to reduce support workload,10,saas,"['has_integrations', 'has_plans']",keyword match: saas,0.75,,,,,,,
keyword,agency,['is_agency'],Home - OmniShopper Our Solutions Precision Sampling About us Portfolio Insight Careers Connect Our Solutions Precision Sampling About us Portfolio Insight Careers Connect EVERYTHING WE DO HAS A PURPOSE: Transforming shoppers into buyers We help brands on their path towards convers,http://www.omnishopper.co,none,none,Introduce AI chatbot to reduce support workload,9,agency,['is_agency'],keyword match: agency,0.8,[],['12326710154'],,,,,
keyword,agency,"['has_pricing', 'is_agency']","o increase hotel revenue in the hospitality industry. By leveraging digital channels, you can both expand your customer portfolio and deliver greater value to your existing guests. Read More Enhancing Customer Experience Through Digital Marketing Strategies Digital marketing is a powerful tool for enhancing guest experience and building b",http://www.otelonline.net,none,none,Introduce AI chatbot to reduce support workload,10,agency,"['has_pricing', 'is_agency']",keyword match: agency,0.8,['hello@otelonline.net'],[],,,,,
keyword,agency,"['has_plans', 'is_agency']","016, Friendswood Mercantile has helped companies strategize and implement their creative visions. Our growing Ecommerce Marketing Agency is driven by passionate thinkers who work closely with each brand to create strategies that produce unparalleled results. We love content and design, but thrive on the data necessary to succeed in a digi",http://www.friendswoodmercantile.com,none,none,Introduce AI chatbot to reduce support workload,10,agency,"['has_plans', 'is_agency']",keyword match: agency,0.8,['info@friendswoodmercantile.com'],['(281) 816-6741'],,,,,
keyword,agency,['is_agency'],utschland. Wir planen auch in diesem Jahr ein starkes Wachstum und werden unser Team deutlich ausbauen. Hat Ihnen unser Portfolio gefallen? Kontaktieren Sie uns! zum Kontakt Fernwartung Erreichbarkeit Festnetz Mo - Fr 9.00 - 17.00 Uhr + 49 621 / 3999 777-200 festnetz@mbc-mannheim.de Connect Mo - Fr 9.00 - 17.00 Uhr + 49 621 / 3999 777-200,http://www.mbc-mannheim.de,none,none,Introduce AI chatbot to reduce support workload,9,agency,['is_agency'],keyword match: agency,0.8,"['festnetz@mbc-mannheim.de', 'info@mbc-connect.de', 'info@mbc-mannheim.de', 'support@mbc-mannheim.de', 'vertrieb@mbc-mannheim.de']",[],,,,,
keyword,saas,"['has_login', 'has_pricing']","ies Skip to primary navigation Skip to main content Ford Medical About Manufacturers Healthcare Facilities Get in touch Login About Manufacturers Healthcare Facilities Get in touch Login Unlocking healthier futures across exclusive post-acute sectors We procure and deliver premium care supplies with precise accuracy, improving margins and",http://www.fordmed.com,none,none,Introduce AI chatbot to reduce support workload,10,saas,"['has_login', 'has_pricing']",keyword match: saas,0.75,['info@fordmed.com'],['+1 551 225 8340'],,,,,
keyword,saas,['has_developer_docs'],"been signed up with a partner organization (e.g., a hosting provider) and the provider's DNS fails. Please see https://developers.cloudflare.com/support/troubleshooting/http-status-codes/cloudflare-1xxx-errors/error-1001/ for more details. Was this page helpful? Yes No Thank you for your feedback! Cloudflare Ray ID: 9d2ec3549b6ae418 • Yo",http://www.barrelaged.co,none,none,Introduce AI chatbot to reduce support workload,9,saas,['has_developer_docs'],keyword match: saas,0.85,,,,,,,
keyword,agency,['is_agency'],"r vibe. It can be scary out there—think of us as your safe space for bold, strategic marketing. about lifestyle digital marketing agency Like you, we’re special. Motivated by community, powered by connection, at Commune, we make digital marketing fun, effective and effortlessly cool. From coast to coast, we plug brands into their communit",http://www.communemarketing.com,none,none,Introduce AI chatbot to reduce support workload,9,agency,['is_agency'],keyword match: agency,0.8,['theteam@communemarketing.com'],['858.663.8407'],,,,,
keyword,agency,['is_agency'],"Strategia marketingowa i wprowadzenie marki na rynek | BOLDshift Strona główna O nas Usługi Portfolio Kontakt Wszystko czego potrzebuje Twoja marka. Od strategii po wprowadzenie produktu lub usługi na rynek. Łączymy innowacje i marketing, aby lepiej rozwiązywać problemy konsumentów. Obszary działania Strategia",http://www.boldshift.io,none,none,Introduce AI chatbot to reduce support workload,9,agency,['is_agency'],keyword match: agency,0.8,,,,,,,
keyword,agency,"['has_login', 'is_agency']","Full Service Amazon Agency - Day One Digital Home Services Careers About Client Login Search Menu Menu Twitter LinkedIn E-COMMERCE IS OUR LANGUAGE CUSTOMIZED SOLUTIONS FOR YOUR BUSINESS Our Services Full Service Amazon Agency Founded by a former Amazon employee, Day One Digital unites experts in e-c",http://www.dayonedigital.com,none,none,Introduce AI chatbot to reduce support workload,10,agency,"['has_login', 'is_agency']",keyword match: agency,0.8,,,,,,,
keyword,saas,"['has_developer_docs', 'has_login', 'has_pricing']",nkuma - Link Building Platform -Â Trusted By 14 000+ Brands Why Choose Us Link Building Support FAQ ð,http://www.linkuma.com,none,none,Introduce AI chatbot to reduce support workload,10,saas,"['has_developer_docs', 'has_login', 'has_pricing']",keyword match: saas,0.85,,,,,,,
keyword,saas,"['has_login', 'has_pricing']","ical AI automation that saves time, reduces errors, and helps you compete with larger companies, without the enterprise price tag. The Pros and Cons of Starlink Internet Service Starlink offers impressive speeds for rural areas and limited connectivity zones, but remote workers should note the sporadic brief interruptions that can disrupt",http://www.imerge.com,none,none,Introduce AI chatbot to reduce support workload,10,saas,"['has_login', 'has_pricing']",keyword match: saas,0.75,,,,,,,
keyword,agency,"['has_pricing', 'is_agency']","buy? We Guarantee The Strictest Control in Second Life Devices Functional Devices No risks, no fake parts. Our product portfolio complies with manufacturer standards. Strictest Control Our devices are living their second life, while still having their best quality inside and outside. 2-Year Warranty Device, accessories and battery are fu",http://www.renewd.com,none,none,Introduce AI chatbot to reduce support workload,10,agency,"['has_pricing', 'is_agency']",keyword match: agency,0.8,,,,,,,
keyword,saas,"['has_integrations', 'has_login', 'has_pricing', 'has_schedule_demo']","Waldo | Fast track your mobile test automation Waldo Sessions now support scripting! – Learn more Sessions Pricing Blog Customers Log in Log in Book a demo Fast track your mobile test automation Create, run, and maintain fully functional, automated, E2E mobile tests directly in your browser. Get started Book a demo Product Au",http://www.waldo.com,none,none,Introduce AI chatbot to reduce support workload,10,saas,"['has_integrations', 'has_login', 'has_pricing', 'has_schedule_demo']",keyword match: saas,0.75,,,,,,,
keyword,saas,['has_developer_docs'],"been signed up with a partner organization (e.g., a hosting provider) and the provider's DNS fails. Please see https://developers.cloudflare.com/support/troubleshooting/http-status-codes/cloudflare-1xxx-errors/error-1001/ for more details. Was this page helpful? Yes No Thank you for your feedback! Cloudflare Ray ID: 9d2f154638313931 • Yo",http://www.wanderfullbrand.com,none,none,Introduce AI chatbot to reduce support workload,9,saas,['has_developer_docs'],keyword match: saas,0.85,[],['154638313931'],,,,,
keyword,saas,"['has_developer_docs', 'has_integrations']","ERROR: The request could not be satisfied 403 ERROR The request could not be satisfied. Request blocked. We can't connect to the server for this app or website at this time. There might be too much traffic or a configuration error. Try again later, or contact the app or website owner. If you provide content to customers through Clou",http://www.rockmywedding.co.uk,none,none,Introduce AI chatbot to reduce support workload,10,saas,"['has_developer_docs', 'has_integrations']",keyword match: saas,0.85,,,,,,,
keyword,saas,['has_developer_docs'],ducation Skip to content Skip to footer About Us Courses FAQ Locations Let's talk We want to help you become a software developer. Welcome to Mindera's Code Academy See all courses Why us? Our wish is to help people who want to embrace a life change and begin a career in software development. We teach the best engineering practices and us,http://www.minderacodeacademy.com,none,none,Introduce AI chatbot to reduce support workload,9,saas,['has_developer_docs'],keyword match: saas,0.85,,,,,,,
keyword,saas,['has_developer_docs'],"been signed up with a partner organization (e.g., a hosting provider) and the provider's DNS fails. Please see https://developers.cloudflare.com/support/troubleshooting/http-status-codes/cloudflare-1xxx-errors/error-1001/ for more details. Was this page helpful? Yes No Thank you for your feedback! Cloudflare Ray ID: 9d2f1960d9dc2423 • Yo",http://www.ready2hangart.com,none,none,Introduce AI chatbot to reduce support workload,9,saas,['has_developer_docs'],keyword match: saas,0.85,,,,,,,
keyword,services,"['has_book_call', 'has_plans']",01 We donâ,http://www.1019collective.com,none,none,Introduce AI chatbot to reduce support workload,10,services,"['has_book_call', 'has_plans']",keyword match: services,0.85,"['cody@1019collective.com', 'mat@1019collective.com']",[],,,,,
keyword,saas,"['has_integrations', 'has_plans']","ing. Campaign Strategy & Development Full development of social-first digital campaigns from seed idea to full roll-out plan. Social-First Content Production Using video editing, animation and design to turn ideas into high-performing assets. Paid Media Management End-to-end management of your social media and search engine advertising. C",http://www.spekk.com,none,none,Introduce AI chatbot to reduce support workload,10,saas,"['has_integrations', 'has_plans']",keyword match: saas,0.75,[],['+44 7792473311'],,,,,
keyword,saas,"['has_integrations', 'has_login', 'has_pricing']",e Services E-Commerce Fulfillment Transportation Warehousing & Storage Supply Chain Optimization Customs Clearance Tech Integration Company Who We Are Pricing Partners Careers FAQ Contact Us Blog Login Sign in Create an account Main Page Services E-Commerce Fulfillment Transportation Warehousing & Storage Supply Chain Optimization Customs,http://www.krvlogistics.com,none,none,Introduce AI chatbot to reduce support workload,10,saas,"['has_integrations', 'has_login', 'has_pricing']",keyword match: saas,0.75,,,,,,,
keyword,agency,['is_agency'],Taskforce™ - Performance Marketing Agency Taskforce™ Home Awards Over Taskforce™ Diensten Data & Automation Social Ads Google Ads CRO EN Daag ons uit 1 Jouw partner in Performance Marketing Samen winstgevend groeien naar het volgende niveau Daag,http://www.taskforce.nl,none,none,Introduce AI chatbot to reduce support workload,9,agency,['is_agency'],keyword match: agency,0.8,['info@taskforce.nl'],"['865524956', '9100829']",,,,,
keyword,saas,"['has_login', 'has_pricing']","ger or may have changed. We protect YOUR bottom line by requiring all of our customers to register before accessing our pricing. Download PDF Register for a Wholesale Account TODAY! Register today to get access to our exclusive pricing! All you need is your Retail License/Tax ID# Serving convenience stores, retail shops, smoke shops, liqu",http://www.impulseplusinc.com,none,none,Introduce AI chatbot to reduce support workload,10,saas,"['has_login', 'has_pricing']",keyword match: saas,0.75,"['accounting@impulseplusinc.com', 'filler@godaddy.com', 'info@impulseplusinc.com', 'sales@impulseplusinc.com', 'warehouse@impulseplusinc.com']",['1-800-326-4175'],,,,,
keyword,saas,"['has_book_call', 'has_login', 'has_plans', 'is_agency']","– Your Success, Delivered Daily Home Services Case Studies Portfolio Resources Profitability Tool Blog YouTube Channel Book a Call Book a Call Your Success, ",http://www.youramz.com,none,none,Introduce AI chatbot to reduce support workload,10,saas,"['has_book_call', 'has_login', 'has_plans', 'is_agency']",keyword match: saas,0.75,,,,,,,
keyword,agency,['is_agency'],"ry retail, fitness studios, online platforms, or specialist stores - Fitnesshotline GmbH offers a rapidly growing brand portfolio with fast availability and reliable support. Our Service Commitments for B2B Partners: Reliable delivery processes Attractive terms and conditions Personal support Assistance with brand development and POS mark",http://www.fitnesshotline.de,none,none,Introduce AI chatbot to reduce support workload,9,agency,['is_agency'],keyword match: agency,0.8,['info@fitnesshotline.de'],"['1405367', '436 1001']",,,,,
keyword,agency,['is_agency'],"00% vegan en gericht op de kapper van de toekomst. Tevens behoren de webshops KaviaarvoorjeHaar en Dermarolling tot het portfolio van Moma Beauty. Dermarolling is augustus 2024 overgenomen en is herkenbaar als dé webshop voor dermarollers, skincare en alle trendy cosmeticaproduten. Ownership en drive zijn de sleutelwoorden om te groeien n",http://www.momabeauty.nl,none,none,Introduce AI chatbot to reduce support workload,9,agency,['is_agency'],keyword match: agency,0.8,,,,,,,
keyword,agency,['is_agency'],"zyskaj więcej światła! Szybkie działanie! Nie jesteśmy korporacją, ofertę od nas otrzymasz do 2-3 dni robocznych Bogate portfolio lamp to nie wszystko, jesteśmy otwarci na modyfikacje i dedykowane inwestycją indywidualne projekty Dla Partnerów handlowych oferujemy dostęp do platformy B2B, integrację EDI, pliki produktowe, aktualizowane st",http://www.argon-lampy.pl,none,none,Introduce AI chatbot to reduce support workload,9,agency,['is_agency'],keyword match: agency,0.8,['biuro@argon-lampy.pl'],['48 504437616'],,,,,
keyword,saas,['has_developer_docs'],"ektujemy, wdrażamy Odkrywamy Projektujemy Wdrażamy Kontakt PL PL EN Odkrywamy Projektujemy Wdrażamy Kontakt PL EN MAGIC DEVELOPERS - SOFTWARE HOUSE Nie ma rzeczy niemożliwych. Od nas masz wsparcie na każdym etapie swojego projektu. Umów się na bezpłatną konsultację Odkrywamy Zawsze zaczynamy od zrozumienia obszaru w jakim będziemy się por",http://www.magicdevelopers.pl,none,none,Introduce AI chatbot to reduce support workload,9,saas,['has_developer_docs'],keyword match: saas,0.85,,,,,,,
keyword,agency,['is_agency'],"ując rozwiązanie chcemy mieć pewność, że produkt spełni oczekiwania klienta, a jego jakość będzie powtarzalna. W naszym portfolio znajdziecie Państwo kleje przemysłowe i chemię warsztatową Loctite i Teroson, oleje i smary Shell, Lotos i Orlen, chłodziwa obróbcze Zeller & Gmelin oraz czyściwa i środki higieniczne Tork. Jako oficjalny partn",http://www.melkib.com,none,none,Introduce AI chatbot to reduce support workload,9,agency,['is_agency'],keyword match: agency,0.8,,,,,,,
keyword,agency,['is_agency'],"idligere partnere og gør dem til den perfekte partner. Laura Palm Co-Founder, Exercere Oplev case FABO is a world-class marketing agency for eCommerce based in Denmark. Kontakt Frederik Wind , Co-Founder (+45) 20765222 | frederik@fabo.dk Cases CASPARA CAMILLE BRINCH Astralis SUIT CLUB Venderby's BYIC The Sneaker Store Om os Kontakt Anmod",http://www.fabo.dk,none,none,Introduce AI chatbot to reduce support workload,9,agency,['is_agency'],keyword match: agency,0.8,['frederik@fabo.dk'],['2076522'],,,,,
keyword,saas,"['has_cart', 'has_login', 'has_pricing']",& plants) | Get Promo Offers Details Details Shop Pond Supplies Mon - Fri 9am-4pm EST 1 (866) 819-7663 1 (866) 819-7663 Login Status Login Status Login/Register Your Cart Your Cart Cart 0 Quick Store Search Quick Store Search Shop Pond Supplies SHOP ALL Pond Supplies Decorative Water Features Lake Management Pond Points Earn Pond Points 1,http://www.webbsonline.com,none,none,Introduce AI chatbot to reduce support workload,10,saas,"['has_cart', 'has_login', 'has_pricing']",keyword match: saas,0.75,[],"['(240) 452-1047', '(866) 819-7663', '1 (866) 819-7663', '981-2026', '999-2026']",,,,,
keyword,saas,"['has_cart', 'has_login', 'has_pricing']",t Sign In Locations SOUTH LAKE TAHOE TRUCKEE ROSEVILLE CARSON CITY TAHOE CITY ALL STORES Search Wishlist Account 0 Your cart is currently empty Snow Shop Snow Alpine Skiing Skis Bindings Ski Boots Poles Snowboarding Snowboards Snowboard Boots Bindings Race Zone Race Skis Race Bindings Race Boots Race Poles Race Helmets & Goggles Race Suit,http://www.bluezonesports.com,none,none,Introduce AI chatbot to reduce support workload,10,saas,"['has_cart', 'has_login', 'has_pricing']",keyword match: saas,0.75,[],"['844-786-6486', '844.786.6486']",,,,,
keyword,saas,['has_developer_docs'],"been signed up with a partner organization (e.g., a hosting provider) and the provider's DNS fails. Please see https://developers.cloudflare.com/support/troubleshooting/http-status-codes/cloudflare-1xxx-errors/error-1001/ for more details. Was this page helpful? Yes No Thank you for your feedback! Cloudflare Ray ID: 9d2f249daf290583 • Yo",http://www.peoplesrepublicofcashmere.com,none,none,Introduce AI chatbot to reduce support workload,9,saas,['has_developer_docs'],keyword match: saas,0.85,,,,,,,
keyword,agency,['is_agency'],"ds and scales D2C brands that turn personal moments into personalized products - across Europe and the US. Discover Our Portfolio Our Growth Model Lyto Brands Group Direct-to-Consumer. Data-Driven. Pure Play. We build and operate a focused portfolio of D2C brands in emotional, high-intent categories. Our setup combines centralized data, m",http://www.lyto.group,none,none,Introduce AI chatbot to reduce support workload,9,agency,['is_agency'],keyword match: agency,0.8,,,,,,,
keyword,agency,['is_agency'],Agenzia di Comunicazione a Ragusa e Milano | Ideology Creative Studio 0 Skip to main content HOME PROGETTI SERVIZI AGENZIA INFO EN MENU /HOME /PROGETTI /SERVIZI /AGENZIA /INFO EN !d3ol0gy Creative Studio !d3ol0gy Creative Studio !d3ol0gy Creative Studio Agenzia di comunicaz,http://www.ideology.it,none,none,Introduce AI chatbot to reduce support workload,9,agency,['is_agency'],keyword match: agency,0.8,['hello@ideology.it'],"['+39 392 156 0313', '01544270885']",,,,,
keyword,agency,"['has_integrations', 'is_agency']","es us from other e-commerce agencies aside from our level of expertise, is the depth to which we seek to understand and integrate ourselves within your business. We offer the commitment, access, and flexibility of an internal team with the strategic expertise and operational efficiency of a world class agency. Industry Experts All SFL Tea",http://www.sflecommerce.com,none,none,Introduce AI chatbot to reduce support workload,10,agency,"['has_integrations', 'is_agency']",keyword match: agency,0.8,['consultation@sflecommerce.com'],['817-381-2040'],,,,,
keyword,saas,"['has_developer_docs', 'has_plans', 'is_agency']",E-commerce website development company India â,http://www.elitewebbies.com,none,none,Introduce AI chatbot to reduce support workload,10,saas,"['has_developer_docs', 'has_plans', 'is_agency']",keyword match: saas,0.85,['info@elitewebbies.com'],['+91 56545 5466'],,,,,
keyword,saas,"['has_login', 'has_plans']","Architectural Salvage | Derry's Furniture Contract Furniture Trade Furniture Salvage & Collectables Transport & Storage Login/Register (+44) 28 3885 1509 Login/Register Internationally recognised Manufacturer and supplier of high quality, durable Contract & Trade furniture Contract FURNITURE Supply of standard and manufacture of bespoke f",http://www.derrys.com,none,none,Introduce AI chatbot to reduce support workload,10,saas,"['has_login', 'has_plans']",keyword match: saas,0.75,['sales@derrys.com'],['885 1509'],,,,,
keyword,agency,['is_agency'],"edia Pool Der AP Picture & Media Pool ist nicht nur eine Datenbank, sondern auch ein Ort, an dem jeder Nutzer das Asset-Portfolio weiter gestalten und verbessern kann. BASF EM Product Information Viewer Vom Legacy-System zur Cloud-Plattform: Ein zentraler „Single-Screen“ Produkt-Viewer für BASF Care Chemicals. Das digitale Leitsystem für",http://www.aa-g.de,none,none,Introduce AI chatbot to reduce support workload,9,agency,['is_agency'],keyword match: agency,0.8,['kontakt@aa-g.de'],['894 3884'],,,,,
keyword,agency,['is_agency'],"Atlantis Digital - Full Service Digital Agency | AI Solutions, Web Design & Digital Marketing Atlantis Digital - Full Service Digital Agency We specialize in AI solutions, web design, digital marketing, branding, and eCommerce. We help businesses grow",http://www.atlantisdigital.nl,none,none,Introduce AI chatbot to reduce support workload,9,agency,['is_agency'],keyword match: agency,0.8,,,,,,,
keyword,saas,['has_developer_docs'],"endor management, facility maintenance, and supply procurement. Develop and maintain organizational systems for company documentation, procedures, and digital assets. Support project development through research in casting, financing, and location scouting Assist in creating and assembling pitch decks, including image curation and creativ",http://www.huffmancreative.com,none,none,Introduce AI chatbot to reduce support workload,9,saas,['has_developer_docs'],keyword match: saas,0.85,"['dat@huffmancreative.com', 'hello@huffmancreative.com', 'johanna@huffmancreative.com', 'josh@huffmancreative.com', 'katie@huffmancreative.com', 'niko@huffmancreative.com', 'ryan@huffmancreative.com']",['916.220.9491'],,,,,
keyword,saas,"['has_integrations', 'has_plans', 'is_agency']","w we work 01. Engineering & Design & Document 02. Quote & First Article / Sampling 03. Production & Operations Delivery Plan 04. Single Order / Monthly Supply Chain 05. New Design Cycle Group 4 “AVRGT is our number one cable supplier, we've had zero failures. Seamless support from AVRGT."" Ben W - OEM Telematics, Heavy Equipment Group 4 “A",http://www.avrglobaltech.com,none,none,Introduce AI chatbot to reduce support workload,10,saas,"['has_integrations', 'has_plans', 'is_agency']",keyword match: saas,0.75,[],['949-391-1181'],,,,,
keyword,agency,"['has_login', 'is_agency']","hen den Schulalltag praktisch und abwechslungsreich. creative Für kreatives Arbeiten und Basteln bieten wir ein breites Portfolio an Hilfsmitteln – darunter Pinsel, Schneidematten, Skalpellmesser und Motivlocher. Präzision und Qualität unterstützen Anwender bei individuellen Projekten. work Mit dem Update ist der neue Rollhocker SUPERSTEP",http://www.wedo.de,none,none,Introduce AI chatbot to reduce support workload,10,agency,"['has_login', 'is_agency']",keyword match: agency,0.8,,,,,,,
keyword,saas,"['has_integrations', 'has_pricing', 'is_agency']","100 pre-audited OEM suppliers. Distribute Efficiently manage inventory and fulfilment across your logistics network or integrate with any of our five pre-integrated global warehouses. Enjoy a seamless ordering, payment, and tracking experience, complemented by our management of customs and duties. Our customer service and returns process",http://www.oxigen.co,none,none,Introduce AI chatbot to reduce support workload,10,saas,"['has_integrations', 'has_pricing', 'is_agency']",keyword match: saas,0.75,['hello@oxigen.co'],['203 411 8536'],,,,,
keyword,agency,['is_agency'],ftware house - aplikacje mobilne Przewiń do zawartości Bridge Solutions Hub S.A. Softwarehouse O nas Strategia Historia Portfolio Kariera Relacje inwestorskie Opis działalności spółki Akcjonariat Władze Dokumenty korporacyjne Raporty okresowe Raporty bieżące ESPI/EBI Kalendarium Animator Emitenta Autoryzowany doradca Dobre praktyki Kontak,http://www.bshub.pl,none,none,Introduce AI chatbot to reduce support workload,9,agency,['is_agency'],keyword match: agency,0.8,['biuro@bshub.pl'],[],,,,,
keyword,agency,['is_agency'],"Javascript zu aktivieren! Wie Sie Javascript aktivieren, können Sie hier nachlesen: www.enable-javascript.com Die Marke Portfolio Online-Shop Dienstleistungen Familie Holthoff Karriere Kontakt Die Marke Portfolio Online-Shop Dienstleistungen Familie Holthoff Karriere Kontakt Die Marke Dienstleistungen Familie Holthoff Die Marke Schon seit",http://www.holthoff-hmf.de,none,none,Introduce AI chatbot to reduce support workload,9,agency,['is_agency'],keyword match: agency,0.8,[],"['321590634', '938 1220', '938 3775']",,,,,
keyword,agency,"['has_plans', 'is_agency']","regular-20 bg-white -translate-y-full py-5 pb-3 transition duration-200 ease-InOutQuad xl:h-[5rem]"" > About Initiatives Our Work Team News Glossary fr Contact us About Initiatives Our Work Team News Glossary Contact us fr Forging pathways to decarbonize our built environment From ideation to construction and operation. Real-world solution",http://www.digitalslingshot.com,none,none,Introduce AI chatbot to reduce support workload,10,agency,"['has_plans', 'is_agency']",keyword match: agency,0.8,,,,,,,
keyword,agency,"['has_plans', 'is_agency']",ship strategy ,http://www.brandwyse.co.uk,none,none,Introduce AI chatbot to reduce support workload,10,agency,"['has_plans', 'is_agency']",keyword match: agency,0.8,['hello@brandwyse.co.uk'],['1293797'],,,,,
keyword,saas,"['has_login', 'has_schedule_demo']","GRASWALD AI Features Stories Book a demo Login Graswald AI Login Book a demo Join our Live Demo for Fashion Brands March 4, 2026 11:00 AM Your digital photo studio. Powered by AI. Lifestyle Sunglasses E-Commerce Shirt Lifestyle Jacket Lifestyle Foot",http://www.graswald.ai,none,none,Introduce AI chatbot to reduce support workload,10,saas,"['has_login', 'has_schedule_demo']",keyword match: saas,0.75,,,,,,,
keyword,saas,"['has_login', 'has_plans', 'has_pricing']",t Made Exceptional support@wirelesssupport.com 1-877-SUPPORT Solutions Mobile Device Management (MDM) Device Protection Plan Enhancing Business Continuity with Rapid Repair Services Unlimited Help Desk Support Wireless Expense Management (WEM) GPS Tracking Solutions Efficient Device Lifecycle Management Streamlined Ordering and Procuremen,http://www.wirelesssupport.com,none,none,Introduce AI chatbot to reduce support workload,10,saas,"['has_login', 'has_plans', 'has_pricing']",keyword match: saas,0.75,['support@wirelesssupport.com'],[],,,,,
keyword,saas,"['has_cart', 'has_contact_sales', 'has_login', 'has_pricing']","Traffic Safety Warehouse™: Traffic Cones, Bollards, Safety Barricades & More (847) 966-1018 | Log In | Shopping Cart 0 items $0.00 (847) 966-1018 | LOGIN Cart ALL PRODUCTS Airport Products Barricades Type I & II Barricades Type III Barricades A-Frame Barricades Concrete Barriers Steel Barricades Water Filled Barr",http://www.trafficsafetywarehouse.com,none,none,Introduce AI chatbot to reduce support workload,10,saas,"['has_cart', 'has_contact_sales', 'has_login', 'has_pricing']",keyword match: saas,0.75,[],"['(847) 966-1018', '00 (847) 966-1018']",,,,,
keyword,saas,['has_developer_docs'],"(Hybrid) Google Ads Specialist Meta Ads Specialist TikTok Ads Specialist E-commerce & Development Ecommerce Manager Web Developer Shopify Tracking Expert Data Visualization Expert Il nostro ecosistema Scopriamo, conosciamo e ingaggiamo sempre nuovi freelance. La nostra forza? I diversi talenti di ogni ROI Lover, nell’unità del nostro ecos",http://www.roilovers.it,none,none,Introduce AI chatbot to reduce support workload,9,saas,['has_developer_docs'],keyword match: saas,0.85,,,,,,,
keyword,saas,"['has_developer_docs', 'has_pricing', 'is_agency']","WordPress & E- Commerce Web Design, Development Agency & Website Maintenance Service Company Lafayette, LA - Comit Developers Contact Request Support Websites eCommerce Website Design Accessible Website Design WordPress Website Design Lafayette Web Design Baton Rouge Web Design New Orleans Web Design Reporting Hosting & Support Digit",http://www.comitdevelopers.com,none,none,Introduce AI chatbot to reduce support workload,10,saas,"['has_developer_docs', 'has_pricing', 'is_agency']",keyword match: saas,0.85,[],"['337-326-5479', '337.326.5479']",,,,,
keyword,agency,['is_agency'],"Ã¶ne Ã§Ä±kan toptan elektrik Ã¼rÃ¼nleri tedarikÃ§isidir Strategy Empowering the renewable energy industry. As a leading digital agency in Paris, we look to engage with our clients beyond the conventional design and development agency relationship, becoming a partner to the people and companies we work with. We create brand identities, dig",http://www.galip.com.tr,none,none,Introduce AI chatbot to reduce support workload,9,agency,['is_agency'],keyword match: agency,0.8,"['bulten@galip.com.tr', 'galip@galip.com.tr']",[],,,,,
keyword,saas,"['has_login', 'has_pricing']",ook now Offers Service Hotels Back included services Offers Conferences Groups Back Online check-in What is Cooee? Best price guarantee Merchandise Sustainability Vouchers Career Useful links FAQ Back Bad Kleinkirchheim Dachstein Kitzbüheler Alpen Imprint Privacy policy Digital accessibility Instagram TikTok Linkedin COOEE alpin Hotels in,http://www.cooee-alpin.com,none,none,Introduce AI chatbot to reduce support workload,10,saas,"['has_login', 'has_pricing']",keyword match: saas,0.75,[],"['+43 5122 195 1030', '+43 5122 195 1040', '+43 5122 195 1050']",,,,,
keyword,services,['has_schedule_demo'],"459 300-3 Support Mo. bis Fr. 9:00 - 16:00 support@progressusgroup.de MENU MENU News Veranstaltungen Karriere Kontakt  Demo anfragen Ready for the next generation? Software on the edge of time. Produktlinie Digitale Prozesse & Workflows Qualitätsstandards erhöhen, Routineprozesse verschlanken und Zufriedenheit steigern! Partnerprodukt GB",http://www.progressusgroup.de,none,none,Introduce AI chatbot to reduce support workload,9,services,['has_schedule_demo'],keyword match: services,0.85,['support@progressusgroup.de'],['197 4479'],,,,,
keyword,agency,['is_agency'],Purivitae Ventures | Advancing Innovation Through Enduring Partnerships About Us Team Approach Portfolio PVenturer Contact Us Menu About Us Team Approach Portfolio PVenturer Contact Us Welcome to purivitae ventures Advancing Innovation in Consumer Health and Wellness through Enduring Partnerships PARTNER WITH US W,http://www.purivitae.com,none,none,Introduce AI chatbot to reduce support workload,9,agency,['is_agency'],keyword match: agency,0.8,['contact@purivitae.com'],[],,,,,
keyword,saas,['has_developer_docs'],"been signed up with a partner organization (e.g., a hosting provider) and the provider's DNS fails. Please see https://developers.cloudflare.com/support/troubleshooting/http-status-codes/cloudflare-1xxx-errors/error-1001/ for more details. Was this page helpful? Yes No Thank you for your feedback! Cloudflare Ray ID: 9d2fa169293a5001 • Yo",http://www.vintagegoa.com,none,none,Introduce AI chatbot to reduce support workload,9,saas,['has_developer_docs'],keyword match: saas,0.85,,,,,,,
keyword,services,"['has_book_call', 'has_plans', 'has_pricing']",ness Services Social Media Services Security Services Radio Services IT Services Cloud Services Podcast TechWatch Radio Schedule a Call Contact Us Privacy & Terms Privacy Policy Terms of use Services we specifically tailor to your unique requirements Business Services SB Tech Guys provides everything your small business needs to run smoot,http://www.sbtechguys.com,none,none,Introduce AI chatbot to reduce support workload,10,services,"['has_book_call', 'has_plans', 'has_pricing']",keyword match: services,0.85,['techs@sbtechguys.com'],['(801) 756-9133'],,,,,
keyword,agency,['is_agency'],"es measurable growth Who We Are We Deliver Sustainable, Scalable Growth Grayt Media LLC is a performance-driven digital marketing agency on a mission to scale revenues, boost brand awareness, and optimize every user touchpoint for maximum ROI. Since 2017, we’ve partnered with companies of all sizes to uncover and amplify their unique bran",http://www.graytmedia.com,none,none,Introduce AI chatbot to reduce support workload,9,agency,['is_agency'],keyword match: agency,0.8,,,,,,,
keyword,saas,"['has_integrations', 'has_login']","gineering, and strategy to build breakthrough digital experiences, transform existing product or technology stacks, and integrate new technologies to expand their horizons. We are the trusted product development & technology partner of fortune 500s and United Nations Office Locations 03 Professionals 40 our Capabilities Design Engineering",http://www.thinkflagship.com,none,none,Introduce AI chatbot to reduce support workload,9,saas,"['has_integrations', 'has_login']",keyword match: saas,0.75,[],['325-240-2100'],,,,,
keyword,saas,"['has_login', 'has_schedule_demo']","SocialV | Video Referrals. Capture The Feeling. SOCIALV SOCIAL V Login MORTGAGE @iFinanceMortgage ""My friends are jealous of the deal I got..."" #FirstHome #GreatDeal #Irvine TRAVEL @TravelJuneau ""How did he do that!?"" #Grizzly #Juneau #BearTour RESORT @Lamboats ""This is soooo awesome!",http://www.socialvenu.com,none,none,Introduce AI chatbot to reduce support workload,10,saas,"['has_login', 'has_schedule_demo']",keyword match: saas,0.75,['sales@socialv.io'],[],,,,,
keyword,saas,['has_developer_docs'],- YouTube About Press Copyright Contact us Creators Advertise Developers Terms Privacy Policy & Safety How YouTube works Test new features NFL Sunday Ticket © 2026 Google LLC,http://www.lbginc.biz,none,none,Introduce AI chatbot to reduce support workload,9,saas,['has_developer_docs'],keyword match: saas,0.85,,,,,,,
keyword,saas,"['has_integrations', 'has_login', 'has_pricing', 'has_schedule_demo']","ent Hub Web Presence Management Services Company About Adrecom News & Press Releases Partners Customers Contact Us Blog Request a demo Integrated E-commerce as a Scalable Service Empowering Enterprise & SMB Businesses Industrial-Grade Commerce, Human-Centered Experiences Centralize product and master data , orchestrate every channel, and",http://www.adrecom.com,none,none,Introduce AI chatbot to reduce support workload,10,saas,"['has_integrations', 'has_login', 'has_pricing', 'has_schedule_demo']",keyword match: saas,0.75,['info@adrecom.com'],"['005-2026', '216-220-2399', '310-212-7920']",,,,,
keyword,saas,['has_developer_docs'],"been signed up with a partner organization (e.g., a hosting provider) and the provider's DNS fails. Please see https://developers.cloudflare.com/support/troubleshooting/http-status-codes/cloudflare-1xxx-errors/error-1001/ for more details. Was this page helpful? Yes No Thank you for your feedback! Cloudflare Ray ID: 9d34e1bbacd1f472 • Yo",http://www.jessicameadowcompany.com,none,none,Introduce AI chatbot to reduce support workload,9,saas,['has_developer_docs'],keyword match: saas,0.85,,,,,,,
keyword,saas,"['has_plans', 'has_pricing', 'has_schedule_demo']",Mozayc - Everything you need for your eshop Features Pricing Showcases Help Center Contact Us Everything you need for your eshop Build and scale with confidence. From powerful site infrastructure to advanced business solutions — we’ve got you covered. Get started — it's fr,http://www.mozayc.net,none,none,Introduce AI chatbot to reduce support workload,10,saas,"['has_plans', 'has_pricing', 'has_schedule_demo']",keyword match: saas,0.75,,,,,,,
keyword,saas,"['has_developer_docs', 'has_login', 'has_pricing', 'is_agency']","of Brand Name Perfumes, Skin Care and Cosmetics. Home About Us Distribution Trade Shows Contact Us Price List Blog FAQ Sign In Open main menu Trusted in Fragrance Distribution Since 2001 Distributor of Prestige Fragrances and Cosmetics For over 25 years, we've proudly served as the leading wholesale distributor in the USA, specializing i",http://www.mbfragrances.com,none,none,Introduce AI chatbot to reduce support workload,10,saas,"['has_developer_docs', 'has_login', 'has_pricing', 'is_agency']",keyword match: saas,0.85,,,,,,,
